{
  "Link Color" : {
    "Red Component" : 0,
    "Color Space" : "sRGB",
    "Blue Component" : 0.73423302173614502,
    "Alpha Component" : 1,
    "Green Component" : 0.35916060209274292
  },
  "Tags" : [

  ],
  "Ansi 12 Color" : {
    "Green Component" : 0.50962930917739868,
    "Red Component" : 0.44058024883270264,
    "Blue Component" : 0.51685798168182373
  },
  "Ansi 7 Color" : {
    "Green Component" : 0.89001238346099854,
    "Red Component" : 0.91611063480377197,
    "Blue Component" : 0.79781103134155273
  },
  "Ansi 8 Color" : {
    "Green Component" : 0.35665956139564514,
    "Red Component" : 0.27671992778778076,
    "Blue Component" : 0.38298487663269043
  },
  "Bold Color" : {
    "Green Component" : 0.56485837697982788,
    "Red Component" : 0.50599193572998047,
    "Blue Component" : 0.56363654136657715
  },
  "Ansi 9 Color" : {
    "Green Component" : 0.21325300633907318,
    "Red Component" : 0.74176257848739624,
    "Blue Component" : 0.073530435562133789
  },
  "Ansi 2 Color" : {
    "Green Component" : 0.54115492105484009,
    "Red Component" : 0.44977453351020813,
    "Blue Component" : 0.020208755508065224
  },
  "Right Option Key Sends" : 0,
  "Rows" : 25,
  "Default Bookmark" : "No",
  "Cursor Guide Color" : {
    "Red Component" : 0.70213186740875244,
    "Color Space" : "sRGB",
    "Blue Component" : 1,
    "Alpha Component" : 0.25,
    "Green Component" : 0.9268307089805603
  },
  "Non-ASCII Anti Aliased" : true,
  "Use Bright Bold" : true,
  "Ansi 10 Color" : {
    "Green Component" : 0.35665956139564514,
    "Red Component" : 0.27671992778778076,
    "Blue Component" : 0.38298487663269043
  },
  "Ambiguous Double Width" : false,
  "Jobs to Ignore" : [
    "rlogin",
    "ssh",
    "slogin",
    "telnet"
  ],
  "Ansi 15 Color" : {
    "Green Component" : 0.95794391632080078,
    "Red Component" : 0.98943418264389038,
    "Blue Component" : 0.86405980587005615
  },
  "Foreground Color" : {
    "Green Component" : 0.50962930917739868,
    "Red Component" : 0.44058024883270264,
    "Blue Component" : 0.51685798168182373
  },
  "Bound Hosts" : [

  ],
  "Working Directory" : "\/Users\/MateoPanadero",
  "Blinking Cursor" : true,
  "Disable Window Resizing" : true,
  "Sync Title" : false,
  "Prompt Before Closing 2" : false,
  "BM Growl" : false,
  "Command" : "",
  "Description" : "Default",
  "Mouse Reporting" : false,
  "Screen" : -1,
  "Selection Color" : {
    "Green Component" : 0.15575926005840302,
    "Red Component" : 0,
    "Blue Component" : 0.19370138645172119
  },
  "Columns" : 80,
  "Idle Code" : 0,
  "Ansi 13 Color" : {
    "Green Component" : 0.33896297216415405,
    "Red Component" : 0.34798634052276611,
    "Blue Component" : 0.72908437252044678
  },
  "Brighten Bold Text" : true,
  "Custom Command" : "No",
  "ASCII Anti Aliased" : true,
  "Non Ascii Font" : "Monaco 12",
  "Vertical Spacing" : 1,
  "Use Bold Font" : true,
  "Option Key Sends" : 2,
  "Selected Text Color" : {
    "Green Component" : 0.56485837697982788,
    "Red Component" : 0.50599193572998047,
    "Blue Component" : 0.56363654136657715
  },
  "Background Color" : {
    "Green Component" : 0.11783610284328461,
    "Red Component" : 0,
    "Blue Component" : 0.15170273184776306
  },
  "Character Encoding" : 4,
  "Ansi 11 Color" : {
    "Green Component" : 0.40717673301696777,
    "Red Component" : 0.32436618208885193,
    "Blue Component" : 0.43850564956665039
  },
  "Use Italic Font" : true,
  "Unlimited Scrollback" : false,
  "Keyboard Map" : {
    "0xf700-0x260000" : {
      "Action" : 10,
      "Text" : "[1;6A"
    },
    "0x37-0x40000" : {
      "Action" : 11,
      "Text" : "0x1f"
    },
    "0x32-0x40000" : {
      "Action" : 11,
      "Text" : "0x00"
    },
    "0xf709-0x20000" : {
      "Action" : 10,
      "Text" : "[17;2~"
    },
    "0xf70c-0x20000" : {
      "Action" : 10,
      "Text" : "[20;2~"
    },
    "0xf729-0x20000" : {
      "Action" : 10,
      "Text" : "[1;2H"
    },
    "0xf72b-0x40000" : {
      "Action" : 10,
      "Text" : "[1;5F"
    },
    "0xf705-0x20000" : {
      "Action" : 10,
      "Text" : "[1;2Q"
    },
    "0xf703-0x260000" : {
      "Action" : 10,
      "Text" : "[1;6C"
    },
    "0xf700-0x220000" : {
      "Action" : 10,
      "Text" : "[1;2A"
    },
    "0xf701-0x280000" : {
      "Action" : 11,
      "Text" : "0x1b 0x1b 0x5b 0x42"
    },
    "0x38-0x40000" : {
      "Action" : 11,
      "Text" : "0x7f"
    },
    "0x33-0x40000" : {
      "Action" : 11,
      "Text" : "0x1b"
    },
    "0xf703-0x220000" : {
      "Action" : 10,
      "Text" : "[1;2C"
    },
    "0xf701-0x240000" : {
      "Action" : 10,
      "Text" : "[1;5B"
    },
    "0xf70d-0x20000" : {
      "Action" : 10,
      "Text" : "[21;2~"
    },
    "0xf702-0x260000" : {
      "Action" : 10,
      "Text" : "[1;6D"
    },
    "0xf729-0x40000" : {
      "Action" : 10,
      "Text" : "[1;5H"
    },
    "0xf706-0x20000" : {
      "Action" : 10,
      "Text" : "[1;2R"
    },
    "0x34-0x40000" : {
      "Action" : 11,
      "Text" : "0x1c"
    },
    "0xf700-0x280000" : {
      "Action" : 11,
      "Text" : "0x1b 0x1b 0x5b 0x41"
    },
    "0x2d-0x40000" : {
      "Action" : 11,
      "Text" : "0x1f"
    },
    "0xf70e-0x20000" : {
      "Action" : 10,
      "Text" : "[23;2~"
    },
    "0xf702-0x220000" : {
      "Action" : 10,
      "Text" : "[1;2D"
    },
    "0xf703-0x280000" : {
      "Action" : 11,
      "Text" : "0x1b 0x1b 0x5b 0x43"
    },
    "0xf700-0x240000" : {
      "Action" : 10,
      "Text" : "[1;5A"
    },
    "0xf707-0x20000" : {
      "Action" : 10,
      "Text" : "[1;2S"
    },
    "0xf70a-0x20000" : {
      "Action" : 10,
      "Text" : "[18;2~"
    },
    "0x35-0x40000" : {
      "Action" : 11,
      "Text" : "0x1d"
    },
    "0xf70f-0x20000" : {
      "Action" : 10,
      "Text" : "[24;2~"
    },
    "0xf703-0x240000" : {
      "Action" : 10,
      "Text" : "[1;5C"
    },
    "0xf701-0x260000" : {
      "Action" : 10,
      "Text" : "[1;6B"
    },
    "0xf702-0x280000" : {
      "Action" : 11,
      "Text" : "0x1b 0x1b 0x5b 0x44"
    },
    "0xf72b-0x20000" : {
      "Action" : 10,
      "Text" : "[1;2F"
    },
    "0x36-0x40000" : {
      "Action" : 11,
      "Text" : "0x1e"
    },
    "0xf708-0x20000" : {
      "Action" : 10,
      "Text" : "[15;2~"
    },
    "0xf701-0x220000" : {
      "Action" : 10,
      "Text" : "[1;2B"
    },
    "0xf70b-0x20000" : {
      "Action" : 10,
      "Text" : "[19;2~"
    },
    "0xf702-0x240000" : {
      "Action" : 10,
      "Text" : "[1;5D"
    },
    "0xf704-0x20000" : {
      "Action" : 10,
      "Text" : "[1;2P"
    }
  },
  "Window Type" : 0,
  "Cursor Boost" : 0,
  "Cursor Type" : 2,
  "Background Image Location" : "",
  "Blur" : false,
  "Badge Color" : {
    "Red Component" : 1,
    "Color Space" : "sRGB",
    "Blue Component" : 0,
    "Alpha Component" : 0.5,
    "Green Component" : 0.1491314172744751
  },
  "Scrollback Lines" : 1000,
  "Send Code When Idle" : false,
  "Close Sessions On End" : true,
  "Terminal Type" : "xterm-256color",
  "Visual Bell" : true,
  "Flashing Bell" : false,
  "Silence Bell" : false,
  "Ansi 14 Color" : {
    "Green Component" : 0.56485837697982788,
    "Red Component" : 0.50599193572998047,
    "Blue Component" : 0.56363654136657715
  },
  "Unicode Version" : 9,
  "ASCII Ligatures" : false,
  "Name" : "Mateo",
  "Cursor Text Color" : {
    "Green Component" : 0.15575926005840302,
    "Red Component" : 0,
    "Blue Component" : 0.19370138645172119
  },
  "Minimum Contrast" : 0,
  "Shortcut" : "",
  "Cursor Color" : {
    "Green Component" : 0.50962930917739868,
    "Red Component" : 0.44058024883270264,
    "Blue Component" : 0.51685798168182373
  },
  "Transparency" : 0,
  "Ansi 1 Color" : {
    "Green Component" : 0.10840655118227005,
    "Red Component" : 0.81926977634429932,
    "Blue Component" : 0.14145714044570923
  },
  "Custom Directory" : "No",
  "Ansi 3 Color" : {
    "Green Component" : 0.46751424670219421,